<application>
  <component name="LocalDatabaseDriverManager" version="201">
    <driver id="mariadb">
      <artifact id="MariaDB Connector J" name="MariaDB Connector J" use="true" version="3.3.3" />
    </driver>
    <driver id="mysql.8">
      <artifact />
      <artifact id="MySQL ConnectorJ" name="MySQL ConnectorJ" use="true" version="8.2.0" />
    </driver>
    <driver id="mysql_aurora.aws_wrapper">
      <artifact id="AWS JDBC Wrapper for MySQL" name="AWS JDBC Wrapper for MySQL" use="true" version="2.3.7" />
    </driver>
    <driver id="postgresql">
      <artifact id="PostgreSQL" name="PostgreSQL" use="true" version="42.7.3" />
    </driver>
  </component>
</application>