<application>
  <component name="NodeJsLocalInterpreterManager">
    <local-interpreter path="$USER_HOME$/.nvm/versions/node/v22.11.0/bin/node">
      <version-cache version="22.11.0" last-modified="1730167014000" />
    </local-interpreter>
    <local-interpreter path="/opt/homebrew/bin/node">
      <version-cache version="23.11.0" last-modified="1743723414903" />
    </local-interpreter>
    <local-interpreter path="$USER_HOME$/.nvm/versions/node/v20.17.0/bin/node">
      <version-cache version="20.17.0" last-modified="1724243168000" />
    </local-interpreter>
    <local-interpreter path="/opt/homebrew/opt/node@20/bin/node">
      <version-cache version="20.15.1" last-modified="1721637392280" />
    </local-interpreter>
    <local-interpreter path="$USER_HOME$/.nvm/versions/node/v18.12.1/bin/node">
      <version-cache version="18.12.1" last-modified="1667579253000" />
    </local-interpreter>
    <local-interpreter path="$USER_HOME$/.nvm/versions/node/v16.15.0/bin/node">
      <version-cache version="16.15.0" last-modified="1651010457000" />
    </local-interpreter>
  </component>
</application>