<keymap version="1" name="macOS custom" parent="Mac OS X 10.5+">
  <action id="ActivateDatabaseToolWindow">
    <keyboard-shortcut first-keystroke="meta back_slash" />
  </action>
  <action id="CloseProject">
    <keyboard-shortcut first-keystroke="shift meta p" />
  </action>
  <action id="Debug">
    <keyboard-shortcut first-keystroke="ctrl meta p" second-keystroke="d" />
  </action>
  <action id="EditorCloneCaretAbove">
    <keyboard-shortcut first-keystroke="ctrl meta alt k" />
  </action>
  <action id="EditorCloneCaretBelow">
    <keyboard-shortcut first-keystroke="ctrl meta alt j" />
  </action>
  <action id="NextTab">
    <keyboard-shortcut first-keystroke="ctrl meta l" />
  </action>
  <action id="PreviousTab">
    <keyboard-shortcut first-keystroke="ctrl meta h" />
  </action>
  <action id="Stop">
    <keyboard-shortcut first-keystroke="ctrl meta p" second-keystroke="s" />
  </action>
</keymap>