<keymap version="1" name="macOS (custom)" parent="Mac OS X 10.5+">
  <action id="ActivateDatabaseToolWindow">
    <keyboard-shortcut first-keystroke="meta back_slash" />
  </action>
  <action id="ChangesView.Move" />
  <action id="ChangesView.SetDefault" />
  <action id="ChangesView.ShelveSilently" />
  <action id="ClassNameCompletion" />
  <action id="CloseProject">
    <keyboard-shortcut first-keystroke="shift meta p" />
  </action>
  <action id="CodeCompletion">
    <keyboard-shortcut first-keystroke="alt space" />
  </action>
  <action id="Debug" />
  <action id="Diff.NextChange" />
  <action id="Diff.PrevChange" />
  <action id="EditorCloneCaretAbove">
    <keyboard-shortcut first-keystroke="shift ctrl meta k" />
  </action>
  <action id="EditorCloneCaretBelow">
    <keyboard-shortcut first-keystroke="shift ctrl meta j" />
  </action>
  <action id="GotoAction">
    <keyboard-shortcut first-keystroke="ctrl meta o" />
  </action>
  <action id="GotoBookmark0" />
  <action id="GotoBookmark1" />
  <action id="GotoBookmark2" />
  <action id="GotoBookmark3" />
  <action id="GotoBookmark4" />
  <action id="GotoBookmark5" />
  <action id="GotoBookmark6" />
  <action id="GotoBookmark7" />
  <action id="GotoBookmark8" />
  <action id="GotoBookmark9" />
  <action id="Jdbc.OpenConsole.New" />
  <action id="MethodHierarchy" />
  <action id="MethodHierarchy.BaseOnThisMethod" />
  <action id="NextEditorTab" />
  <action id="NextTab" />
  <action id="OpenInlineChatAction">
    <keyboard-shortcut first-keystroke="shift ctrl g" />
  </action>
  <action id="PopupHector" />
  <action id="PreviousEditorTab" />
  <action id="PreviousTab" />
  <action id="QuickImplementations">
    <keyboard-shortcut first-keystroke="meta y" />
  </action>
  <action id="ReformatCode" />
  <action id="ReformatWithPrettierAction" />
  <action id="SaveAll" />
  <action id="SaveAs" />
  <action id="ShowPopupMenu">
    <keyboard-shortcut first-keystroke="shift meta comma" />
  </action>
  <action id="ShowReformatFileDialog" />
  <action id="UsageGrouping.DirectoryStructure" />
  <action id="Vcs.MoveChangedLinesToChangelist" />
  <action id="com.mikejhill.intellij.movetab.actions.MoveTabLeft" />
  <action id="com.mikejhill.intellij.movetab.actions.MoveTabRight" />
  <action id="com.mnw.tabmover.actions.MoveFocusToNextWindow" />
  <action id="com.mnw.tabmover.actions.MoveFocusToPreviousWindow" />
  <action id="com.mnw.tabmover.actions.MovePinnedTabsToFirst" />
  <action id="com.mnw.tabmover.actions.MoveTabDownAction">
    <keyboard-shortcut first-keystroke="shift meta l" />
  </action>
  <action id="com.mnw.tabmover.actions.MoveTabToFirstAction" />
  <action id="com.mnw.tabmover.actions.MoveTabToLastAction" />
  <action id="com.mnw.tabmover.actions.MoveTabToNewWindow" />
  <action id="com.mnw.tabmover.actions.MoveTabToNextWindow" />
  <action id="com.mnw.tabmover.actions.MoveTabToPreviousWindow" />
  <action id="com.mnw.tabmover.actions.MoveTabUpAction">
    <keyboard-shortcut first-keystroke="shift meta h" />
  </action>
  <action id="com.mnw.tabmover.actions.ShowTabMoveActions" />
  <action id="com.mnw.tabmover.actions.TogglePinOnAllOpenTabsAction" />
  <action id="copilot.disposeInlays" />
</keymap>