<keymap version="1" name="Windows (custom)" parent="$default">
  <action id="$Undo">
    <keyboard-shortcut first-keystroke="ctrl z" />
  </action>
  <action id="Arrangement.Rule.Group.Condition.Move.Up" />
  <action id="Arrangement.Rule.Match.Condition.Move.Up" />
  <action id="CallHierarchy" />
  <action id="CloseContent">
    <keyboard-shortcut first-keystroke="alt w" />
  </action>
  <action id="EditorCloneCaretAbove">
    <keyboard-shortcut first-keystroke="shift ctrl alt k" />
  </action>
  <action id="EditorCloneCaretBelow">
    <keyboard-shortcut first-keystroke="shift ctrl alt j" />
  </action>
  <action id="EditorDeleteLine">
    <keyboard-shortcut first-keystroke="alt back_space" />
  </action>
  <action id="EditorLookupUp" />
  <action id="EditorScrollUp" />
  <action id="GotoAction">
    <keyboard-shortcut first-keystroke="ctrl alt o" />
  </action>
  <action id="GotoFile">
    <keyboard-shortcut first-keystroke="shift alt o" />
  </action>
  <action id="JupyterNotebookMoveCellUpCommandModeAction">
    <keyboard-shortcut first-keystroke="alt k" />
  </action>
  <action id="MethodOverloadSwitchUp" />
  <action id="MethodUp" />
  <action id="NewElement">
    <keyboard-shortcut first-keystroke="alt n" />
  </action>
  <action id="NextTab" />
  <action id="NotebookSelectCellAboveAction" />
  <action id="OptimizeImports" />
  <action id="PreviousTab" />
  <action id="Refactorings.QuickListPopupAction">
    <keyboard-shortcut first-keystroke="ctrl t" />
  </action>
  <action id="ReformatCode" />
  <action id="SaveAll" />
  <action id="SearchEverywhere.NavigateToPrevGroup">
    <keyboard-shortcut first-keystroke="page_up" />
  </action>
  <action id="SelectAllOccurrences" />
  <action id="SelectVirtualTemplateElement" />
  <action id="ShowNavBar">
    <keyboard-shortcut first-keystroke="alt up" />
  </action>
  <action id="ShowReformatFileDialog" />
  <action id="UsageGrouping.FlattenModules" />
  <action id="Vcs.UpdateProject" />
  <action id="copilot.disposeInlays" />
</keymap>