<application>
  <component name="ProjectManager">
    <defaultProject>
      <component name="MaterialThemeProjectNewConfig">
        <option name="metadata">
          <MTProjectMetadataState>
            <option name="migrated" value="true" />
            <option name="pristineConfig" value="false" />
            <option name="userId" value="-324c876d:19097795fc6:-7fe8" />
          </MTProjectMetadataState>
        </option>
      </component>
      <component name="ProjectViewState">
        <option name="hideEmptyMiddlePackages" value="true" />
        <option name="showLibraryContents" value="true" />
        <option name="sortByType" value="true" />
        <option name="sortKey" value="BY_TYPE" />
      </component>
      <component name="PropertiesComponent"><![CDATA[{
  "keyToString": {
    "settings.editor.selected.configurable": "preferences.pluginManager"
  }
}]]></component>
      <component name="WindowStateProjectService">
        <state x="548" y="226" width="824" height="533" key="IDE.errors.dialog" timestamp="1738637006577">
          <screen x="0" y="25" width="1920" height="1055" />
        </state>
        <state x="548" y="226" width="824" height="533" key="IDE.errors.dialog/1920.38.1512.944/-1920.25.1920.1055/0.25.1920.1055" timestamp="1738637006577" />
        <state x="432" y="136" key="SettingsEditor" timestamp="1745280982103">
          <screen x="0" y="25" width="1920" height="1055" />
        </state>
        <state x="432" y="136" key="SettingsEditor/-1512.136.1512.944/1920.25.1920.1055/0.25.1920.1055" timestamp="1745280982103" />
      </component>
    </defaultProject>
  </component>
</application>