<application>
  <component name="Trusted.Paths">
    <option name="TRUSTED_PROJECT_PATHS">
      <map>
        <entry key="$USER_HOME$/Downloads/template-tools" value="true" />
        <entry key="$APPLICATION_CONFIG_DIR$/light-edit" value="true" />
        <entry key="$APPLICATION_CONFIG_DIR$/thinProject" value="true" />
        <entry key="$USER_HOME$/Projects/Example" value="true" />
        <entry key="$USER_HOME$/Projects/files" value="true" />
        <entry key="$USER_HOME$/Projects/model" value="true" />
        <entry key="$USER_HOME$/Projects/open-ai" value="true" />
        <entry key="$USER_HOME$/Projects/playground" value="true" />
        <entry key="$USER_HOME$/Projects/playground/next-javascript" value="true" />
        <entry key="$USER_HOME$/Projects/playground/next-js" value="true" />
        <entry key="$USER_HOME$/Projects/playground/next-ts" value="true" />
        <entry key="$USER_HOME$/Projects/playground/node" value="true" />
        <entry key="$USER_HOME$/Projects/practice" value="true" />
        <entry key="$USER_HOME$/Projects/qshop-admin" value="true" />
        <entry key="$USER_HOME$/Projects/qshop-editor" value="true" />
        <entry key="$USER_HOME$/Projects/qshop-editor-container" value="true" />
        <entry key="$USER_HOME$/Projects/qshop-editor-container/qshop-editor" value="true" />
        <entry key="$USER_HOME$/Projects/qshop-editor-t2w-enhance-20241021" value="true" />
        <entry key="$USER_HOME$/Projects/qshop-genai" value="true" />
        <entry key="$USER_HOME$/Projects/qshop-gpt" value="true" />
        <entry key="$USER_HOME$/Projects/qshop-homepage" value="true" />
        <entry key="$USER_HOME$/Projects/qshop-homepage-container" value="true" />
        <entry key="$USER_HOME$/Projects/qshop-homepage-container/qshop-homepage" value="true" />
        <entry key="$USER_HOME$/Projects/qshop-homepage-copied" value="true" />
        <entry key="$USER_HOME$/Projects/qshop-site" value="true" />
        <entry key="$USER_HOME$/Projects/qshop-site-container" value="true" />
        <entry key="$USER_HOME$/Projects/qshop-site-container/qshop-site" value="true" />
        <entry key="$USER_HOME$/Projects/rebase" value="true" />
        <entry key="$USER_HOME$/Projects/refactoring" value="true" />
        <entry key="$USER_HOME$/Projects/smlog_script" value="true" />
        <entry key="$USER_HOME$/Projects/template-tools" value="true" />
        <entry key="$USER_HOME$/Projects/template-tools-beta/web" value="true" />
        <entry key="$USER_HOME$/Projects/ui" value="true" />
        <entry key="$USER_HOME$/Projects/untitled" value="true" />
        <entry key="$USER_HOME$/Projects/untitled1" value="true" />
        <entry key="$USER_HOME$/Projects/workbench" value="true" />
        <entry key="$USER_HOME$/Projects/workbench/ai-prompts" value="true" />
        <entry key="$USER_HOME$/Projects/workbench/command-center" value="true" />
        <entry key="$USER_HOME$/Projects/workbench/dotfiles" value="true" />
        <entry key="$USER_HOME$/Projects/workbench/experimental-nest-app-container/experimental-nest-app" value="true" />
        <entry key="$USER_HOME$/Projects/workbench/express" value="true" />
        <entry key="$USER_HOME$/Projects/workbench/image-service" value="true" />
        <entry key="$USER_HOME$/Projects/workbench/next-app" value="true" />
        <entry key="$USER_HOME$/Projects/workbench/playground" value="true" />
        <entry key="$USER_HOME$/Projects/workbench/t2w-container" value="true" />
        <entry key="$USER_HOME$/Projects/workbench/t2w-container/archive/v1/t2w-api" value="true" />
        <entry key="$USER_HOME$/Projects/workbench/t2w-container/t2w" value="true" />
        <entry key="$USER_HOME$/Projects/workbench/t2w-container/t2w-admin" value="true" />
        <entry key="$USER_HOME$/Projects/workbench/t2w-container/t2w-api" value="true" />
        <entry key="$USER_HOME$/Projects/workbench/t2w-container/t2w-manage" value="true" />
        <entry key="$USER_HOME$/Projects/workbench/t2w-container/t2w-web" value="true" />
        <entry key="$USER_HOME$/Projects/workbench/t2w-container/template-tools" value="true" />
        <entry key="$USER_HOME$/Projects/workbench/t2w-container/ttw-admin" value="true" />
        <entry key="$USER_HOME$/Projects/workbench/xss" value="true" />
      </map>
    </option>
  </component>
</application>