<application>
  <component name="DimensionService">
    <location key="find.popup.0.0.1920.1080" x="635" y="285" />
    <location key="find.popup.0.0.3024.1964@192dpi" x="1000" y="542" />
    <location key="REMOTE_DEVELOPMENT_CONNECTION.0.0.1920.1080" x="560" y="213" />
    <size key="GridCell.Tab.0.left.0.0.1920.1080" width="1286" height="306" />
    <size key="GridCell.Tab.0.center.0.0.1920.1080" width="1286" height="306" />
    <size key="GridCell.Tab.0.right.0.0.1920.1080" width="1286" height="306" />
    <size key="GridCell.Tab.0.bottom.0.0.1920.1080" width="1286" height="306" />
    <size key="find.popup.0.0.1920.1080" width="651" height="542" />
    <size key="GridCell.Tab.0.left.0.0.3024.1964@192dpi" width="3676" height="612" />
    <size key="GridCell.Tab.0.center.0.0.3024.1964@192dpi" width="3676" height="612" />
    <size key="GridCell.Tab.0.right.0.0.3024.1964@192dpi" width="3676" height="612" />
    <size key="GridCell.Tab.0.bottom.0.0.3024.1964@192dpi" width="3676" height="612" />
    <size key="GridCell.Tab.1.left.0.0.1920.1080" width="1838" height="299" />
    <size key="GridCell.Tab.1.center.0.0.1920.1080" width="1838" height="299" />
    <size key="GridCell.Tab.1.right.0.0.1920.1080" width="1838" height="299" />
    <size key="GridCell.Tab.1.bottom.0.0.1920.1080" width="1838" height="299" />
    <size key="GridCell.Tab.2.left.0.0.1920.1080" width="1838" height="299" />
    <size key="GridCell.Tab.2.center.0.0.1920.1080" width="1838" height="299" />
    <size key="GridCell.Tab.2.right.0.0.1920.1080" width="1838" height="299" />
    <size key="GridCell.Tab.2.bottom.0.0.1920.1080" width="1838" height="299" />
    <size key="GridCell.Tab.3.left.0.0.1920.1080" width="1151" height="271" />
    <size key="GridCell.Tab.3.center.0.0.1920.1080" width="1151" height="271" />
    <size key="GridCell.Tab.3.right.0.0.1920.1080" width="1151" height="271" />
    <size key="GridCell.Tab.3.bottom.0.0.1920.1080" width="1151" height="271" />
    <size key="GridCell.Tab.0.left.0.0.3840.2160@192dpi" width="3676" height="732" />
    <size key="GridCell.Tab.0.center.0.0.3840.2160@192dpi" width="3676" height="732" />
    <size key="GridCell.Tab.0.right.0.0.3840.2160@192dpi" width="3676" height="732" />
    <size key="GridCell.Tab.0.bottom.0.0.3840.2160@192dpi" width="3676" height="732" />
    <size key="find.popup.0.0.3024.1964@192dpi" width="1302" height="1084" />
    <size key="GridCell.Tab.4.left.0.0.1920.1080" width="1151" height="271" />
    <size key="GridCell.Tab.4.center.0.0.1920.1080" width="1151" height="271" />
    <size key="GridCell.Tab.4.right.0.0.1920.1080" width="1151" height="271" />
    <size key="GridCell.Tab.4.bottom.0.0.1920.1080" width="1151" height="271" />
    <size key="GridCell.Tab.5.left.0.0.1920.1080" width="1286" height="306" />
    <size key="GridCell.Tab.5.center.0.0.1920.1080" width="1286" height="306" />
    <size key="GridCell.Tab.5.right.0.0.1920.1080" width="1286" height="306" />
    <size key="GridCell.Tab.5.bottom.0.0.1920.1080" width="1286" height="306" />
    <size key="GridCell.Tab.7.left.0.0.1920.1080" width="922" height="288" />
    <size key="GridCell.Tab.7.center.0.0.1920.1080" width="922" height="288" />
    <size key="GridCell.Tab.7.right.0.0.1920.1080" width="922" height="288" />
    <size key="GridCell.Tab.7.bottom.0.0.1920.1080" width="922" height="288" />
    <size key="GridCell.Tab.8.left.0.0.1920.1080" width="1286" height="306" />
    <size key="GridCell.Tab.8.center.0.0.1920.1080" width="1286" height="306" />
    <size key="GridCell.Tab.8.right.0.0.1920.1080" width="1286" height="306" />
    <size key="GridCell.Tab.8.bottom.0.0.1920.1080" width="1286" height="306" />
    <size key="GridCell.Tab.11.left.0.0.1920.1080" width="1838" height="323" />
    <size key="GridCell.Tab.11.center.0.0.1920.1080" width="1838" height="323" />
    <size key="GridCell.Tab.11.right.0.0.1920.1080" width="1838" height="323" />
    <size key="GridCell.Tab.11.bottom.0.0.1920.1080" width="1838" height="323" />
    <size key="GridCell.Tab.23.left.0.0.1920.1080" width="1838" height="323" />
    <size key="GridCell.Tab.23.center.0.0.1920.1080" width="1838" height="323" />
    <size key="GridCell.Tab.23.right.0.0.1920.1080" width="1838" height="323" />
    <size key="GridCell.Tab.23.bottom.0.0.1920.1080" width="1838" height="323" />
    <size key="GridCell.Tab.35.left.0.0.1920.1080" width="1838" height="323" />
    <size key="GridCell.Tab.35.center.0.0.1920.1080" width="1838" height="323" />
    <size key="GridCell.Tab.35.right.0.0.1920.1080" width="1838" height="323" />
    <size key="GridCell.Tab.35.bottom.0.0.1920.1080" width="1838" height="323" />
    <size key="GridCell.Tab.6.left.0.0.1920.1080" width="922" height="288" />
    <size key="GridCell.Tab.6.center.0.0.1920.1080" width="922" height="288" />
    <size key="GridCell.Tab.6.right.0.0.1920.1080" width="922" height="288" />
    <size key="GridCell.Tab.6.bottom.0.0.1920.1080" width="922" height="288" />
    <size key="GridCell.Tab.14.left.0.0.1920.1080" width="1286" height="306" />
    <size key="GridCell.Tab.14.center.0.0.1920.1080" width="1286" height="306" />
    <size key="GridCell.Tab.14.right.0.0.1920.1080" width="1286" height="306" />
    <size key="GridCell.Tab.14.bottom.0.0.1920.1080" width="1286" height="306" />
    <size key="REMOTE_DEVELOPMENT_CONNECTION.0.0.1920.1080" width="800" height="679" />
  </component>
  <component name="WindowManager">
    <frame x="0" y="25" width="1920" height="1055" extendedState="6" />
  </component>
  <component name="WindowStateApplicationService">
    <state width="522" height="182" key="ShowUsagesActions.dimensionServiceKey" timestamp="1745459018469">
      <screen x="0" y="25" width="1920" height="1055" />
    </state>
    <state width="522" height="182" key="ShowUsagesActions.dimensionServiceKey/-1512.136.1512.944/0.25.1920.1055/1920.25.1920.1055" timestamp="1745459018469" />
    <state width="524" height="110" key="ShowUsagesActions.dimensionServiceKey/-1512.136.1512.944/1920.25.1920.1055/0.25.1920.1055" timestamp="1745307868735" />
    <state width="822" height="162" key="ShowUsagesActions.dimensionServiceKey/1920.38.1512.944/0.25.1920.1055/-1920.25.1920.1055" timestamp="1737680672871" />
    <state x="960" y="497" width="1016" height="727" key="WELCOME_SCREEN" timestamp="1745373791285">
      <screen x="0" y="25" width="1920" height="1055" />
    </state>
    <state x="960" y="497" width="1016" height="727" key="WELCOME_SCREEN/-1512.136.1512.944/1920.25.1920.1055/0.25.1920.1055" timestamp="1745373501779" />
    <state x="960" y="497" width="1016" height="727" key="WELCOME_SCREEN/0.25.1920.1055" timestamp="1745373791285" />
    <state x="960" y="485" width="800" height="650" key="WELCOME_SCREEN/183.1118.1512.944/0.25.1920.1055" timestamp="1737586529433" />
    <state x="960" y="497" width="1016" height="727" key="WELCOME_SCREEN/1920.38.1512.944/-1920.25.1920.1055/0.25.1920.1055" timestamp="1738641347219" />
    <state x="960" y="485" width="800" height="650" key="WELCOME_SCREEN/1920.38.1512.944/0.25.1920.1055/-1920.25.1920.1055" timestamp="1738556658967" />
    <state width="300" height="523" key="manage.recent.projects.popup" timestamp="1745537261711">
      <screen x="0" y="25" width="1920" height="1055" />
    </state>
    <state width="300" height="523" key="manage.recent.projects.popup/-1512.136.1512.944/0.25.1920.1055/1920.25.1920.1055" timestamp="1745537261711" />
    <state width="300" height="523" key="manage.recent.projects.popup/-1512.136.1512.944/1920.25.1920.1055/0.25.1920.1055" timestamp="1745304101930" />
    <state width="300" height="523" key="manage.recent.projects.popup/183.1118.1512.944/0.25.1920.1055" timestamp="1736994960829" />
    <state width="300" height="523" key="manage.recent.projects.popup/1920.38.1512.944/-1920.25.1920.1055/0.25.1920.1055" timestamp="1738567193602" />
    <state width="300" height="523" key="manage.recent.projects.popup/1920.38.1512.944/0.25.1920.1055/-1920.25.1920.1055" timestamp="1738291590784" />
  </component>
</application>