<profile version="1.0">
  <option name="myName" value="Default" />
  <inspection_tool class="DuplicatedCode" enabled="false" level="WEAK WARNING" enabled_by_default="false" />
  <inspection_tool class="PyPackageRequirementsInspection" enabled="false" level="WARNING" enabled_by_default="false">
    <option name="ignoredPackages">
      <value>
        <list size="1">
          <item index="0" class="java.lang.String" itemvalue="typing_extensions" />
        </list>
      </value>
    </option>
  </inspection_tool>
  <inspection_tool class="SpellCheckingInspection" enabled="false" level="TYPO" enabled_by_default="false">
    <option name="processCode" value="true" />
    <option name="processLiterals" value="true" />
    <option name="processComments" value="true" />
  </inspection_tool>
</profile>