<application>
  <component name="FileTypeManager" version="19">
    <ignoreFiles list="*$py.class;*.pyc;*.pyo;*.rbc;*.yarb;*~;.DS_Store;.git;.hg;.mypy_cache;.pytest_cache;.ruff_cache;.svn;CVS;__pycache__;_svn;vssver.scc;vssver2.scc" />
    <extensionMap>
      <mapping pattern="HeroImageDockerfile" type="AUTO_DETECTED" />
      <mapping pattern="gitignore" type="AUTO_DETECTED" />
      <mapping ext="backup" type="PLAIN_TEXT" />
      <mapping ext="local" type="PLAIN_TEXT" />
      <removed_mapping ext="apk" approved="true" type="ARCHIVE" />
      <removed_mapping ext="ignore" approved="true" type="IgnoreLang file" />
      <removed_mapping ext="pdf" approved="true" type="Native" />
      <removed_mapping ext="psd" approved="true" type="Image" />
      <removed_mapping pattern=".devcontainer.json" approved="true" type="JSON5" />
      <removed_mapping pattern="devcontainer.json" approved="true" type="JSON5" />
    </extensionMap>
  </component>
</application>