<application>
  <component name="NodeJsLocalInterpreterManager">
    <local-interpreter path="/opt/homebrew/bin/node">
      <version-cache last-modified="0" />
    </local-interpreter>
    <local-interpreter path="/opt/homebrew/opt/node@20/bin/node">
      <version-cache last-modified="0" />
    </local-interpreter>
    <local-interpreter path="$USER_HOME$/.nvm/versions/node/v22.14.0/bin/node">
      <version-cache version="22.14.0" last-modified="1739234737000" />
    </local-interpreter>
    <local-interpreter path="$USER_HOME$/.nvm/versions/node/v22.11.0/bin/node">
      <version-cache last-modified="0" />
    </local-interpreter>
    <local-interpreter path="$USER_HOME$/.nvm/versions/node/v20.17.0/bin/node">
      <version-cache version="20.17.0" last-modified="1724243168000" />
    </local-interpreter>
    <local-interpreter path="$USER_HOME$/.nvm/versions/node/v18.12.1/bin/node">
      <version-cache last-modified="0" />
    </local-interpreter>
    <local-interpreter path="$USER_HOME$/.nvm/versions/node/v16.15.0/bin/node">
      <version-cache last-modified="0" />
    </local-interpreter>
  </component>
</application>