<application>
  <component name="Trusted.Paths">
    <option name="TRUSTED_PROJECT_PATHS">
      <map>
        <entry key="$USER_HOME$/Downloads/downloader" value="true" />
        <entry key="$USER_HOME$/Downloads/temp" value="true" />
        <entry key="$USER_HOME$/Downloads/template-tools" value="true" />
        <entry key="$APPLICATION_CONFIG_DIR$/light-edit" value="true" />
        <entry key="$APPLICATION_CONFIG_DIR$/thinProject" value="true" />
        <entry key="$USER_HOME$/Projects/Example" value="true" />
        <entry key="$USER_HOME$/Projects/files" value="true" />
        <entry key="$USER_HOME$/Projects/genai/feat-credit" value="true" />
        <entry key="$USER_HOME$/Projects/model" value="true" />
        <entry key="$USER_HOME$/Projects/modoo-validator" value="true" />
        <entry key="$USER_HOME$/Projects/open-ai" value="true" />
        <entry key="$USER_HOME$/Projects/playground" value="true" />
        <entry key="$USER_HOME$/Projects/playground/next-javascript" value="true" />
        <entry key="$USER_HOME$/Projects/playground/next-js" value="true" />
        <entry key="$USER_HOME$/Projects/playground/next-ts" value="true" />
        <entry key="$USER_HOME$/Projects/playground/node" value="true" />
        <entry key="$USER_HOME$/Projects/practice" value="true" />
        <entry key="$USER_HOME$/Projects/qshop-admin" value="true" />
        <entry key="$USER_HOME$/Projects/qshop-editor" value="true" />
        <entry key="$USER_HOME$/Projects/qshop-editor-container" value="true" />
        <entry key="$USER_HOME$/Projects/qshop-editor-container/qshop-editor" value="true" />
        <entry key="$USER_HOME$/Projects/qshop-editor-t2w-enhance-20241021" value="true" />
        <entry key="$USER_HOME$/Projects/qshop-genai" value="true" />
        <entry key="$USER_HOME$/Projects/qshop-genai-working" value="true" />
        <entry key="$USER_HOME$/Projects/qshop-gpt" value="true" />
        <entry key="$USER_HOME$/Projects/qshop-homepage" value="true" />
        <entry key="$USER_HOME$/Projects/qshop-homepage-container" value="true" />
        <entry key="$USER_HOME$/Projects/qshop-homepage-container/qshop-homepage" value="true" />
        <entry key="$USER_HOME$/Projects/qshop-homepage-copied" value="true" />
        <entry key="$USER_HOME$/Projects/qshop-site" value="true" />
        <entry key="$USER_HOME$/Projects/qshop-site-container" value="true" />
        <entry key="$USER_HOME$/Projects/qshop-site-container/qshop-site" value="true" />
        <entry key="$USER_HOME$/Projects/rebase" value="true" />
        <entry key="$USER_HOME$/Projects/refactoring" value="true" />
        <entry key="$USER_HOME$/Projects/smlog_script" value="true" />
        <entry key="$USER_HOME$/Projects/template-tools" value="true" />
        <entry key="$USER_HOME$/Projects/template-tools-beta/web" value="true" />
        <entry key="$USER_HOME$/Projects/ui" value="true" />
        <entry key="$USER_HOME$/Projects/untitled" value="true" />
        <entry key="$USER_HOME$/Projects/untitled1" value="true" />
        <entry key="$USER_HOME$/Projects/workbench" value="true" />
        <entry key="$USER_HOME$/Projects/workbench/ai" value="true" />
        <entry key="$USER_HOME$/Projects/workbench/ai-prompts" value="true" />
        <entry key="$USER_HOME$/Projects/workbench/assistant" value="true" />
        <entry key="$USER_HOME$/Projects/workbench/assistant/packages/cli" value="true" />
        <entry key="$USER_HOME$/Projects/workbench/assistant/packages/www" value="true" />
        <entry key="$USER_HOME$/Projects/workbench/codex" value="true" />
        <entry key="$USER_HOME$/Projects/workbench/collector" value="true" />
        <entry key="$USER_HOME$/Projects/workbench/command-center" value="true" />
        <entry key="$USER_HOME$/Projects/workbench/create-custom-app" value="true" />
        <entry key="$USER_HOME$/Projects/workbench/designer" value="true" />
        <entry key="$USER_HOME$/Projects/workbench/devcontainer" value="true" />
        <entry key="$USER_HOME$/Projects/workbench/devcontainer/packages/qshop-genai-cli" value="true" />
        <entry key="$USER_HOME$/Projects/workbench/devjs" value="true" />
        <entry key="$USER_HOME$/Projects/workbench/devjs-cli" value="true" />
        <entry key="$USER_HOME$/Projects/workbench/devjs/packages/server" value="true" />
        <entry key="$USER_HOME$/Projects/workbench/dotfiles" value="true" />
        <entry key="$USER_HOME$/Projects/workbench/downloader" value="true" />
        <entry key="$USER_HOME$/Projects/workbench/experimental-nest-app-container/experimental-nest-app" value="true" />
        <entry key="$USER_HOME$/Projects/workbench/express" value="true" />
        <entry key="$USER_HOME$/Projects/workbench/factory" value="true" />
        <entry key="$USER_HOME$/Projects/workbench/gemini-cli" value="true" />
        <entry key="$USER_HOME$/Projects/workbench/genai-cli" value="true" />
        <entry key="$USER_HOME$/Projects/workbench/image-service" value="true" />
        <entry key="$USER_HOME$/Projects/workbench/material-kit-react" value="true" />
        <entry key="$USER_HOME$/Projects/workbench/minia/Minia_Ts_v2.4.0/Starterkit" value="true" />
        <entry key="$USER_HOME$/Projects/workbench/modoo" value="true" />
        <entry key="$USER_HOME$/Projects/workbench/modoo-validator" value="true" />
        <entry key="$USER_HOME$/Projects/workbench/multipage" value="true" />
        <entry key="$USER_HOME$/Projects/workbench/multipage/packages/designer" value="true" />
        <entry key="$USER_HOME$/Projects/workbench/my-app" value="true" />
        <entry key="$USER_HOME$/Projects/workbench/my-video" value="true" />
        <entry key="$USER_HOME$/Projects/workbench/next-app" value="true" />
        <entry key="$USER_HOME$/Projects/workbench/next.js/packages/create-next-app" value="true" />
        <entry key="$USER_HOME$/Projects/workbench/nextjs-starter-template" value="true" />
        <entry key="$USER_HOME$/Projects/workbench/nextjs-template" value="true" />
        <entry key="$USER_HOME$/Projects/workbench/personal" value="true" />
        <entry key="$USER_HOME$/Projects/workbench/personal-work-assistant" value="true" />
        <entry key="$USER_HOME$/Projects/workbench/personal-work-assistant/packages/cli" value="true" />
        <entry key="$USER_HOME$/Projects/workbench/personal-work-assistant/packages/www" value="true" />
        <entry key="$USER_HOME$/Projects/workbench/playground" value="true" />
        <entry key="$USER_HOME$/Projects/workbench/prompts/ai-prompts" value="true" />
        <entry key="$USER_HOME$/Projects/workbench/qshop-genai" value="true" />
        <entry key="$USER_HOME$/Projects/workbench/rag" value="true" />
        <entry key="$USER_HOME$/Projects/workbench/raycast/extensions/create-dockerfile" value="true" />
        <entry key="$USER_HOME$/Projects/workbench/raycast/extensions/create-qshop-project" value="true" />
        <entry key="$USER_HOME$/Projects/workbench/raycast/extensions/workflow" value="true" />
        <entry key="$USER_HOME$/Projects/workbench/t2w-container" value="true" />
        <entry key="$USER_HOME$/Projects/workbench/t2w-container/archive/v1/t2w-api" value="true" />
        <entry key="$USER_HOME$/Projects/workbench/t2w-container/t2w" value="true" />
        <entry key="$USER_HOME$/Projects/workbench/t2w-container/t2w-admin" value="true" />
        <entry key="$USER_HOME$/Projects/workbench/t2w-container/t2w-api" value="true" />
        <entry key="$USER_HOME$/Projects/workbench/t2w-container/t2w-manage" value="true" />
        <entry key="$USER_HOME$/Projects/workbench/t2w-container/t2w-web" value="true" />
        <entry key="$USER_HOME$/Projects/workbench/t2w-container/template-tools" value="true" />
        <entry key="$USER_HOME$/Projects/workbench/t2w-container/ttw-admin" value="true" />
        <entry key="$USER_HOME$/Projects/workbench/temp" value="true" />
        <entry key="$USER_HOME$/Projects/workbench/template" value="true" />
        <entry key="$USER_HOME$/Projects/workbench/templates" value="true" />
        <entry key="$USER_HOME$/Projects/workbench/ui" value="true" />
        <entry key="$USER_HOME$/Projects/workbench/work-mcp" value="true" />
        <entry key="$USER_HOME$/Projects/workbench/xss" value="true" />
      </map>
    </option>
  </component>
</application>