<application>
  <component name="DimensionService">
    <location key="find.popup.0.0.1920.1080" x="635" y="285" />
    <location key="find.popup.0.0.3024.1964@192dpi" x="1000" y="542" />
    <location key="REMOTE_DEVELOPMENT_CONNECTION.0.0.1920.1080" x="560" y="213" />
    <location key="find.popup.-3024.196.3024.1964@192dpi" x="-1984" y="534" />
    <size key="GridCell.Tab.0.left.0.0.1920.1080" width="1838" height="306" />
    <size key="GridCell.Tab.0.center.0.0.1920.1080" width="1838" height="306" />
    <size key="GridCell.Tab.0.right.0.0.1920.1080" width="1838" height="306" />
    <size key="GridCell.Tab.0.bottom.0.0.1920.1080" width="1838" height="306" />
    <size key="find.popup.0.0.1920.1080" width="651" height="542" />
    <size key="GridCell.Tab.0.left.0.0.3024.1964@192dpi" width="3676" height="612" />
    <size key="GridCell.Tab.0.center.0.0.3024.1964@192dpi" width="3676" height="612" />
    <size key="GridCell.Tab.0.right.0.0.3024.1964@192dpi" width="3676" height="612" />
    <size key="GridCell.Tab.0.bottom.0.0.3024.1964@192dpi" width="3676" height="612" />
    <size key="GridCell.Tab.1.left.0.0.1920.1080" width="1838" height="306" />
    <size key="GridCell.Tab.1.center.0.0.1920.1080" width="1838" height="306" />
    <size key="GridCell.Tab.1.right.0.0.1920.1080" width="1838" height="306" />
    <size key="GridCell.Tab.1.bottom.0.0.1920.1080" width="1838" height="306" />
    <size key="GridCell.Tab.2.left.0.0.1920.1080" width="1838" height="306" />
    <size key="GridCell.Tab.2.center.0.0.1920.1080" width="1838" height="306" />
    <size key="GridCell.Tab.2.right.0.0.1920.1080" width="1838" height="306" />
    <size key="GridCell.Tab.2.bottom.0.0.1920.1080" width="1838" height="306" />
    <size key="GridCell.Tab.3.left.0.0.1920.1080" width="1151" height="271" />
    <size key="GridCell.Tab.3.center.0.0.1920.1080" width="1151" height="271" />
    <size key="GridCell.Tab.3.right.0.0.1920.1080" width="1151" height="271" />
    <size key="GridCell.Tab.3.bottom.0.0.1920.1080" width="1151" height="271" />
    <size key="GridCell.Tab.0.left.0.0.3840.2160@192dpi" width="3676" height="732" />
    <size key="GridCell.Tab.0.center.0.0.3840.2160@192dpi" width="3676" height="732" />
    <size key="GridCell.Tab.0.right.0.0.3840.2160@192dpi" width="3676" height="732" />
    <size key="GridCell.Tab.0.bottom.0.0.3840.2160@192dpi" width="3676" height="732" />
    <size key="find.popup.0.0.3024.1964@192dpi" width="1302" height="1084" />
    <size key="GridCell.Tab.4.left.0.0.1920.1080" width="1286" height="306" />
    <size key="GridCell.Tab.4.center.0.0.1920.1080" width="1286" height="306" />
    <size key="GridCell.Tab.4.right.0.0.1920.1080" width="1286" height="306" />
    <size key="GridCell.Tab.4.bottom.0.0.1920.1080" width="1286" height="306" />
    <size key="GridCell.Tab.5.left.0.0.1920.1080" width="1286" height="306" />
    <size key="GridCell.Tab.5.center.0.0.1920.1080" width="1286" height="306" />
    <size key="GridCell.Tab.5.right.0.0.1920.1080" width="1286" height="306" />
    <size key="GridCell.Tab.5.bottom.0.0.1920.1080" width="1286" height="306" />
    <size key="GridCell.Tab.7.left.0.0.1920.1080" width="1286" height="306" />
    <size key="GridCell.Tab.7.center.0.0.1920.1080" width="1286" height="306" />
    <size key="GridCell.Tab.7.right.0.0.1920.1080" width="1286" height="306" />
    <size key="GridCell.Tab.7.bottom.0.0.1920.1080" width="1286" height="306" />
    <size key="GridCell.Tab.8.left.0.0.1920.1080" width="1286" height="306" />
    <size key="GridCell.Tab.8.center.0.0.1920.1080" width="1286" height="306" />
    <size key="GridCell.Tab.8.right.0.0.1920.1080" width="1286" height="306" />
    <size key="GridCell.Tab.8.bottom.0.0.1920.1080" width="1286" height="306" />
    <size key="GridCell.Tab.11.left.0.0.1920.1080" width="1286" height="306" />
    <size key="GridCell.Tab.11.center.0.0.1920.1080" width="1286" height="306" />
    <size key="GridCell.Tab.11.right.0.0.1920.1080" width="1286" height="306" />
    <size key="GridCell.Tab.11.bottom.0.0.1920.1080" width="1286" height="306" />
    <size key="GridCell.Tab.23.left.0.0.1920.1080" width="1838" height="323" />
    <size key="GridCell.Tab.23.center.0.0.1920.1080" width="1838" height="323" />
    <size key="GridCell.Tab.23.right.0.0.1920.1080" width="1838" height="323" />
    <size key="GridCell.Tab.23.bottom.0.0.1920.1080" width="1838" height="323" />
    <size key="GridCell.Tab.35.left.0.0.1920.1080" width="1838" height="323" />
    <size key="GridCell.Tab.35.center.0.0.1920.1080" width="1838" height="323" />
    <size key="GridCell.Tab.35.right.0.0.1920.1080" width="1838" height="323" />
    <size key="GridCell.Tab.35.bottom.0.0.1920.1080" width="1838" height="323" />
    <size key="GridCell.Tab.6.left.0.0.1920.1080" width="1286" height="306" />
    <size key="GridCell.Tab.6.center.0.0.1920.1080" width="1286" height="306" />
    <size key="GridCell.Tab.6.right.0.0.1920.1080" width="1286" height="306" />
    <size key="GridCell.Tab.6.bottom.0.0.1920.1080" width="1286" height="306" />
    <size key="GridCell.Tab.14.left.0.0.1920.1080" width="1286" height="306" />
    <size key="GridCell.Tab.14.center.0.0.1920.1080" width="1286" height="306" />
    <size key="GridCell.Tab.14.right.0.0.1920.1080" width="1286" height="306" />
    <size key="GridCell.Tab.14.bottom.0.0.1920.1080" width="1286" height="306" />
    <size key="REMOTE_DEVELOPMENT_CONNECTION.0.0.1920.1080" width="800" height="679" />
    <size key="GridCell.Tab.0.left.1920.0.1920.1080" width="1838" height="305" />
    <size key="GridCell.Tab.0.center.1920.0.1920.1080" width="1838" height="305" />
    <size key="GridCell.Tab.0.right.1920.0.1920.1080" width="1838" height="305" />
    <size key="GridCell.Tab.0.bottom.1920.0.1920.1080" width="1838" height="305" />
    <size key="GridCell.Tab.1.left.1920.0.1920.1080" width="1838" height="305" />
    <size key="GridCell.Tab.1.center.1920.0.1920.1080" width="1838" height="305" />
    <size key="GridCell.Tab.1.right.1920.0.1920.1080" width="1838" height="305" />
    <size key="GridCell.Tab.1.bottom.1920.0.1920.1080" width="1838" height="305" />
    <size key="GridCell.Tab.2.left.1920.0.1920.1080" width="1838" height="305" />
    <size key="GridCell.Tab.2.center.1920.0.1920.1080" width="1838" height="305" />
    <size key="GridCell.Tab.2.right.1920.0.1920.1080" width="1838" height="305" />
    <size key="GridCell.Tab.2.bottom.1920.0.1920.1080" width="1838" height="305" />
    <size key="find.popup.-3024.196.3024.1964@192dpi" width="1302" height="1084" />
    <size key="GridCell.Tab.9.left.0.0.1920.1080" width="1286" height="306" />
    <size key="GridCell.Tab.9.center.0.0.1920.1080" width="1286" height="306" />
    <size key="GridCell.Tab.9.right.0.0.1920.1080" width="1286" height="306" />
    <size key="GridCell.Tab.9.bottom.0.0.1920.1080" width="1286" height="306" />
    <size key="GridCell.Tab.10.left.0.0.1920.1080" width="1286" height="306" />
    <size key="GridCell.Tab.10.center.0.0.1920.1080" width="1286" height="306" />
    <size key="GridCell.Tab.10.right.0.0.1920.1080" width="1286" height="306" />
    <size key="GridCell.Tab.10.bottom.0.0.1920.1080" width="1286" height="306" />
  </component>
  <component name="WindowManager">
    <frame x="0" y="25" width="1920" height="1055" extendedState="6" />
  </component>
  <component name="WindowStateApplicationService">
    <state width="1286" height="306" key="GridCell.Tab.0.bottom" timestamp="1755065624059">
      <screen x="0" y="25" width="1920" height="1055" />
    </state>
    <state width="1286" height="306" key="GridCell.Tab.0.bottom/-1512.136.1512.944/0.25.1920.1055/1920.25.1920.1055" timestamp="1755065624059" />
    <state width="1286" height="306" key="GridCell.Tab.0.center" timestamp="1755065624059">
      <screen x="0" y="25" width="1920" height="1055" />
    </state>
    <state width="1286" height="306" key="GridCell.Tab.0.center/-1512.136.1512.944/0.25.1920.1055/1920.25.1920.1055" timestamp="1755065624059" />
    <state width="1286" height="306" key="GridCell.Tab.0.left" timestamp="1755065624059">
      <screen x="0" y="25" width="1920" height="1055" />
    </state>
    <state width="1286" height="306" key="GridCell.Tab.0.left/-1512.136.1512.944/0.25.1920.1055/1920.25.1920.1055" timestamp="1755065624059" />
    <state width="1286" height="306" key="GridCell.Tab.0.right" timestamp="1755065624059">
      <screen x="0" y="25" width="1920" height="1055" />
    </state>
    <state width="1286" height="306" key="GridCell.Tab.0.right/-1512.136.1512.944/0.25.1920.1055/1920.25.1920.1055" timestamp="1755065624059" />
    <state width="592" height="618" key="ShowUsagesActions.dimensionServiceKey" timestamp="1755565829160">
      <screen x="0" y="25" width="1920" height="1055" />
    </state>
    <state width="592" height="618" key="ShowUsagesActions.dimensionServiceKey/-1512.136.1512.944/0.25.1920.1055/1920.25.1920.1055" timestamp="1755565829160" />
    <state width="545" height="134" key="ShowUsagesActions.dimensionServiceKey/-1512.136.1512.944/1920.25.1920.1055/0.25.1920.1055" timestamp="1752212197127" />
    <state width="300" height="438" key="Vcs.CompareWithSelectedRevision.Popup" timestamp="1753937680305">
      <screen x="0" y="25" width="1920" height="1055" />
    </state>
    <state width="300" height="438" key="Vcs.CompareWithSelectedRevision.Popup/-1512.136.1512.944/0.25.1920.1055/1920.25.1920.1055" timestamp="1753937680305" />
    <state x="960" y="497" width="1016" height="727" key="WELCOME_SCREEN" timestamp="1755503545626">
      <screen x="0" y="25" width="1920" height="1055" />
    </state>
    <state x="960" y="497" width="1016" height="727" key="WELCOME_SCREEN/-1512.136.1512.944/0.25.1920.1055/1920.25.1920.1055" timestamp="1755503545626" />
    <state x="960" y="497" width="1016" height="727" key="WELCOME_SCREEN/-1512.136.1512.944/1920.25.1920.1055/0.25.1920.1055" timestamp="1752448056028" />
    <state x="960" y="497" width="1016" height="727" key="WELCOME_SCREEN/0.25.1920.1055" timestamp="1755068425264" />
    <state x="756" y="473" width="1016" height="727" key="WELCOME_SCREEN/0.38.1512.944" timestamp="1754266973029" />
    <state width="300" height="523" key="manage.recent.projects.popup" timestamp="1755562925191">
      <screen x="0" y="25" width="1920" height="1055" />
    </state>
    <state width="300" height="523" key="manage.recent.projects.popup/-1512.136.1512.944/0.25.1920.1055/1920.25.1920.1055" timestamp="1755562925191" />
    <state width="300" height="523" key="manage.recent.projects.popup/-1512.136.1512.944/1920.25.1920.1055/0.25.1920.1055" timestamp="1750049247623" />
  </component>
</application>